video_id,output,generated_summary,content_match_score,meaning_similarity_score
video7,"The provided points consistently describe various scenarios of dogs and cats sharing food, typically eating from the same bowl, plate, or dish, often on the floor. These instances include them sharing dog food, homemade meals, or prepared food, with some noting it as a healthy choice for both animals. Specific details highlight different appearances, such as a black and white dog with a cream cat or a large dog with a regular-sized cat, and include a man commenting on their eating. The overall theme demonstrates cats and dogs happily coexisting and sharing meals, often contrasting the idea of them as ""born enemies.""","The video shows multiple scenes of a cat and a dog eating from the same bowl. Most of the time, both animals are seen eating together harmoniously. However, there is one brief scene where only the dog eats alone, and two later scenes where only the cat eats alone. The video ends with both animals sharing the bowl again. Overall, it depicts repeated moments of peaceful coexistence between the cat and dog, with occasional solo eating instances.",75,90
video13,"Abraham Lincoln, or an individual dressed as him, is frequently depicted interacting with various people, engaging in conversations, arguments, or performances within plays, skits, and parody clips. These scenarios often involve another man, sometimes portrayed as Johnny Appleseed or described as crazy, who may wear a cooking pot or pan on his head, while a top hat is also noted on one man. Other general interactions include walking with a friend or showing a map to another person.","A man wearing a top hat appears consistently throughout the video, often in different settings and interactions. In some scenes, he wears a topcoat and is seen standing beside a giant stone, a large cylinder, or holding a microphone. He interacts with a woman and another man in a room, and is later shown with a man in a suit and a woman in a suit. The video frequently returns to focus solely on him in his distinct top hat attire, reinforcing his presence as a central figure.",75,85
video1,"A woman in a kitchen is preparing a stew-type dish, frequently a prawn or crayfish curry, in a large pot on a stove. She adds and mixes various ingredients, including spices and tomato sauce, stirring them into the simmering or boiling contents, often demonstrating each step of the recipe while on-screen instructions are displayed.","The video depicts various cooking activities centered around preparing soups, stews, and other foods. Multiple scenes show pots of soup or stew simmering on a stove, often with a spoon inside or nearby. People are seen actively cooking�both men and women�using pots and pans on stovetops. The footage includes close-ups of the cooking pots, broader kitchen settings, and hands stirring or preparing meals, emphasizing the process of making warm, homemade dishes like soups and stews.",75,85
video10,"A man is frequently depicted interacting with two dogs, often holding, hugging, petting, or playing with them. He is commonly shown sitting or squatting while talking to the camera, introducing his dogs, or vlogging, and on several occasions, he wishes someone a happy birthday.","A man is seen holding two dogs in his arms throughout the entire video, maintaining this pose consistently in every segment. There are no variations in the scene contents�the man and the two dogs remain the central focus in all parts of the footage.",65,85
video5,"Cats are frequently depicted playing with babies and toddlers, engaging with their toys on bouncy chairs, cribs, and carriages, often while the baby watches and is made happy. Dogs are also shown playing with babies, with some interactions noted in videos involving cats and babies.","A video features a series of interactions between babies and pets. First, a baby sits in a high chair while a dog stands nearby. The video then repeatedly cuts back to the same baby (or similar-looking babies) sitting in an indoor baby swing. Between these swing shots, a cat is shown calmly sitting on the floor beside a baby. The swing appears four separate times, while the cat appears twice in the same floor setting beside the infant. The sequence ends with a final shot focusing on the baby in the swing.",65,75
video20,"From a movie scene, a man, frequently characterized as Chinese, is shown offering or giving various items, particularly cake, but also a bowl, food, a gift, or a package, to a child, a young girl, a family, or a group of people. Interactions include a woman not accepting the cake, people talking, and a man asking for donations, all within what appears to be an Asian narrative.","A young girl visits a doctor while a man in a white shirt interacts with others in a room, checks his phone multiple times, and later hands an object to a child. The girl is then seen holding a water bottle. The same man appears twice addressing a group of children, suggesting an ongoing connection to their care or guidance.",60,75
video2,"A man is frequently depicted demonstrating, explaining, or discussing car repair, with a strong focus on using automotive tools and combustion leak testers to identify and fix leaks in vehicle engines. He presents various equipment, shows car repair kits, talks about testing procedures, and is often shown working on or next to a car, sometimes in an explanatory or advertising context.","The video demonstrates a man performing various car maintenance tasks, including working on an engine and changing the oil. It also shows him holding boxes, initially one with an ambiguous sign, followed by multiple scenes of him carrying a box of food�first in his hand, then repeatedly in front of a house. Later segments focus on specific car components like the battery and engine, each marked with informative signs that likely highlight key steps or details. The content combines practical automotive guidance with a recurring focus on food delivery or handling.",45,60
video11,"The content primarily showcases The Beatles performing, singing, and in various photographs, all set to their music. It also features scenes of individual men singing (including a sad song), playing guitar, posing, or standing, with their images often displayed as scrolling or flashing slideshows accompanying a song.","The video features a series of varied scenes, including a man rock climbing, walking through a forest with a dog, and strolling along a tree-lined street. A long-haired man appears in multiple settings, holding a microphone and wearing a black coat, later paired with a red shirt. More intense moments show a man in a suit and tie holding a gun, two suited men standing before a mirror, and two others seated on a chair. The Beatles are briefly referenced, and the video also includes repeated shots of nature paths and urban walks, blending themes of adventure, mystery, and music.",45,60
video12,"The points describe various clips and trailers from Superman movies, often featuring Clark Kent engaging in discussions or arguments, including being confronted by his boss or talking to a reporter. These scenes also depict Superman in costume, sometimes with arms outstretched, preparing for or engaged in conflict, specifically with Batman. The content includes general movie scenes, video clips, and discussions about Superman films.","The video features several scenes focusing on different men in various settings. It opens with a bearded man in a shirt, followed by a man in a suit standing alone in an office. Later, another scene shows a man interacting with a woman in an office, and elsewhere, a man in a black shirt stands beside a woman. A notable highlight is the reveal of Superman in a new trailer for an upcoming film. Another scene portrays a dog appearing downcast in a cage. The video also includes a man in a black shirt standing in darkness and concludes with a man in a suit and tie back in the office setting.",45,60
